Yeargroup,StudentRef,Proposed Major,High School,Exam Type,Exam Year,Exam Month,Elective Subjects,Points,Other,English A EE in English,English A: Lang & Lit. SL,English A: Lang & Lit HL,English A: Literature HL,English Lit. (HL),English A: Literature SL,Mis English A: Literature,Mis Economics (Eng),Mis Chemistry (Eng),Mis Mathematics (Eng),Mis French B,Extended Essay Economics (Eng),Theory of Knowledge,Mis ITGS (Eng),Maths (SL),English A: Lang and Literature SL,Swahili AB. SL,Swahili EE,Swahili A,French B SL,Economics EE in English,Economics HL in English,Biology HL in English,Business Management EE in English,Business Management HL in English,Economics SL in English,Global Politics HL in English,Biology SL in English,Hist. Africa HL in English,ITGS EE in English,Math. Studies SL in English,English A EE,ITGS (HL),Physics SL in English,Visual Arts EE in English,Visual Arts HL in English,Spanish AB. SL,Chemistry EE in English,Chemistry HL in English,Physics EE in English,Physics HL in English,Chemisty SL in English,Mathematics HL in English,Mathematics SL in English,Theory Knowl. TK in English,Geography EE in English,Geography HL in English,Computer SC. HL in English,Computer SC. SL in English,German AB SL,Further Maths,English,Mathematics,Biology,Chemistry,Physics,Geography,Computer Studies,Literature (English),French,Env. And Soc SL,History Africa and Middle East,Hist. Africa and Mid East HL in English,French hl,History Africa and Middle East HL,Music EE,Music HL,History EE,Swahili AB: SL,French AB. SL,Geography EE,Goegraphy HL in English,Business Management SL in English,Visual Arts SL,Spanish B. SL,Physics HL in English.1,Math. Studies,Mathematics Analysis and Appro HL in Eng,Mathematics Analysis and Appro SL in English,Mathematics Applications and I HL in English,Mathematics Applications and I SL in English,Geography SL in English,Computer Science EE in English,French A,Music EE in English,Music HL in English,Psychology,Hist. Africa & Mid. East,Chemistry SL in English,Swahili A: HL,Biology EE in English,Mathematics EE in English,Math Analysis,History Africa and Middle East HL in English,History EE in English ,French A: Lang and Literature SL in French,French & Literature,Kiswahili AB SL,Wild. Stidies Equality and Ineq EE in English,Theatre SL in English,Theatre EE in English,Geography SL in English.1,Soc. Cul. Anth. HL in English,History SL in English,Digital Soc. HL in English
2023,Sa80ae1d84e7877a9,[B.Sc.] Business Administration,Sch210,IB Diploma,2019.0,May,"English A: Lit HL, French B SL, Business Management hl, Economics EE, Economics Hl, Physics sl, Mathematics SL, TK",30.0,,,,,,4.0,,,,,,5.0,,B,,,,,,,,c,5.0,,,6.0,,,,,,,,,4.0,,,,,,,,,,4.0,,,,,,,,,,,,,,,,,,,,,,,,,,,,,,,,,,,,,,,,,,,,,,,,,,,,,,,,,,,,,
2023,Sc3b0bc4b2ccefe0e,[B.Sc.] Computer Engineering,Sch214,IB Diploma,2019.0,May,"English A: Lang and Lit SL, French B SL, Economics EE, Economics Hl, Computer Sc, Physics Hl, Mathematics SL, TK",30.0,,,6.0,,,,,,,,,,,C,,,,,,,5.0,D,5.0,,,,,,,,,,,,,,,,,,,4.0,,,5.0,,,,,,,,,,,,,,5.0,,,,,,,,,,,,,,,,,,,,,,,,,,,,,,,,,,,,,,,,,,,,,,,
2023,S5bd4dc0f10c91556,[B.Sc.] Management Information Systems,Sch201,IB Diploma,2018.0,May,"English A: Lang and Lit SL, Swahili A EE, Swahili A: Lit HL, History Africa and Middle East, Env and Soc , Math stud, TK., Theatre",25.0,,,,6.0,,,,,,,,,,,,,,,B,6.0,,,,,,,,,,,,4.0,,,,,,,,,,,,,,C,,,,,,,,,,,,,,,,4.0,6.0,,,,,,,,,,,,,,,,,,,,,,,,,,,,,,,,,,,,,,,,,,,
2023,S46e0398a51e7ec3d,[B.Sc.] Computer Science,Sch212,IB Diploma,2015.0,August,"Biology, Chemistry, Mathematics, French, Psychology,English A: Literature",39.0,,,,,,7.0,,7.0,,,5.0,,,,,,,,,,7.0,,,,,,,,,,,,,,,,,,,,,,,,,,,,,,,,,,6.0,6.0,,,,,,,,,,,,,,,,,,,,,,,,,,,,,,,,,,,,,,,,,,,,,,,,,,
2023,S74879f13958d648b,[B.Sc.] Management Information Systems,Sch210,IB Diploma,2019.0,May,"English A: Lit HL, French B SL, Business Management hl, Env and Soc SL, itgs EE, ITGS HL, Mathematics SL, TK",25.0,,,,,4.0,,,,,,,,,,,,,,,,4.0,,,,,5.0,,,,,,,,,,,,,,,,,,,3.0,C,,,,,,,,,,,,,,,,4.0,,,,,,,,,,,,,,,,,,,,,,,,,,,,,,,,,,,,,,,,,,,,
2023,Saf20200543e78422,[B.Sc.] Business Administration,Sch214,IB Diploma,2019.0,May,"English Lit HL, Spanish, Business Management HL, Biology SL, History Africa and Middle East, Env and Soc , Math stud, TK.",24.0,,D,,,4.0,,,,,,,,,,,,,,,,,,,4.0,,4.0,,,,,,4.0,,,,,,4.0,,,,,,,,C,,,,,,,,,,,,,,,,,4.0,,,,,,,,,,,,,,,,,,,,,,,,,,,,,,,,,,,,,,,,,,,
2023,S00a315492899b463,[B.Sc.] Business Administration,Sch213,IB Diploma,2019.0,May,"English A, Swahili, Economics EE, Economics HL, Geography SL, Biology Hl, Math Sudies, TK",27.0,,,,,4.0,,,,,,,,,,,3.0,,6.0,,,,D,4.0,4.0,,,,,,,,,,,,,,,,,,,,,,,,,,,,,,,,,,6.0,,,,,,,,,,,,,,,,,,,,,,,,,,,,,,,,,,,,,,,,,,,,,,,,
2023,Se59e6db3308dd41e,[B.Sc.] Business Administration,Sch214,IB Diploma,2018.0,july,"English, Spanish, Business Management Eng, History Africa and Middle East, Env and Soc , Math stud, TK.",37.0,,,,,,,5.0,,,,,,,,,,,,,,,,,,,5.0,,,,,,6.0,,,,,,6.0,,,,,,,,,,,,,,,,,,,,,,,,7.0,5.0,,,,,,,,,,,,,,,,,,,,,,,,,,,,,,,,,,,,,,,,,,,
2023,Sab7c5d8aadf74504,[B.Sc.] Electrical and Electronic Engineering,Sch214,IB Diploma,2019.0,May,"English A: Lang and Lit SL, French B SL, Geography SL, Geography EE, Chemistry, Physics, Mathematics HL, TK",35.0,,,5.0,,,,,,,,,,,B,,,,,,,6.0,,,,,,,,,,,,,,,,,,,6.0,,5.0,,4.0,,,B,,,,,,,,,,,,,,,,,,,,,,,,,,,,,,,,,,,,,,,,,,,,,,,,,,,,,,,,,,,
2023,S43eb8b0bf4622180,[B.Sc.] Business Administration,Sch214,IB Diploma,2019.0,May,"English A, Spanish AB.SL, Business Management EE, Business Management HL, Env and Soc , Math stud, TK, ITGS HL in Eng",27.0,,,,5.0,,,,,,,,,,,,,,,,,,,,,C,4.0,,,,,,4.0,,4.0,,,,5.0,,,,,,,,C,,,,,,,,,,,,,,,,4.0,,,,,,,,,,,,,,,,,,,,,,,,,,,,,,,,,,,,,,,,,,,,
2023,S3c3321c2ecedbd68,[B.Sc.] Business Administration,Sch214,IB Diploma,2019.0,May,"English, Spanish, Business Management Eng, History Africa and Middle East, Env and Soc , Math stud, TK.",28.0,,D,,6.0,,,,,,,,,,,,,,,,,,,,,,4.0,,,,,,4.0,,,,,,5.0,,,,,,,,C,,,,,,,,,,,,,,,,5.0,4.0,,,,,,,,,,,,,,,,,,,,,,,,,,,,,,,,,,,,,,,,,,,
2023,S6a7832a6722d68ed,[B.Sc.] Business Administration,Sch203,IB Diploma,2019.0,May,"English, Spanish, Business Management Eng, History EE, History Africa and Middle East, Biology, Math stud, TK.",27.0,,,,,5.0,,,,,,,,,,,,,,,,,,,,,5.0,,,4.0,,,,,,,,,4.0,,,,,,,3.0,B,,,,,,,,,,,,,,,,,4.0,,,,,,,,,,,,,,,,,,,,,,,,,,,,,,,,,,,,,,,,,,,
2023,S4c9831f4ef6e04fc,[B.Sc.] Business Administration,Sch210,IB Diploma,2019.0,May,"English, Spanish, Business Management EE, Business Management HL, Geography, Mathematics SL, Env and Soc , Math stud, TK.",25.0,,,,,4.0,,,,,,,,,,,,,,,,,,,,C,5.0,,,,,,,,,,,,4.0,,,,,,,2.0,C,,4.0,,,,,,,,,,,,,,5.0,,,,,,,,,,,,,,,,,,,,,,,,,,,,,,,,,,,,,,,,,,,,
2024,S25328cc3f9b0ef1a,[B.Sc.] Business Administration,Sch203,International Baccalaureate (IB) Diploma,2019.0,May,"English A: Lang and Lit HL, Spanish AB. SL, Business Management EE, Business Management HL, History Africa and Middle East HL, Biology SL, Math Studies SL, TK",25.0,,,,4.0,,,,,,,,,,C,,,,,,,,,,,D,6.0,,,4.0,,,3.0,,,,,,4.0,,,,,,,,,,,,,,,,,,,,,,,,,,,,4.0,,,,,,,,,,,,,,,,,,,,,,,,,,,,,,,,,,,,,,,,
2024,S32b2584834a72536,[B.Sc.] Business Administration,Sch213,International Baccalaureate (IB) Diploma,2020.0,May,"English A: Lang and Lit SL,French B SL, Economics EE, Economics HL Biology Hl, Computer Sc SL, Math HL, TK",31.0,,,5.0,,,,,,,,,,,,,,,,,,6.0,C,7.0,5.0,,,,,,,,,,,,,,,,,,,,4.0,,C,,,,3.0,,,,,,,,,,,,,,,,,,,,,,,,,,,,,,,,,,,,,,,,,,,,,,,,,,,,,,,,
2024,S48073ffcf69b3106,[B.Sc.] Business Administration,Sch214,International Baccalaureate (IB) Diploma,2020.0,May,"English A: Lang and Lit HL, French B SL, Business Management EE, Business Management HL, Computer SC HL,Physics SL, Mathematics SL, TK",26.0,,,,5.0,,,,,,,,,,,,,,,,,4.0,,,,C,5.0,,,,,,3.0,,,3.0,,,,,,,,,,,B,,,4.0,,,,,,,,,,,,,,,,,,,,,,,,,,,,,,,,,,,,,,,,,,,,,,,,,,,,,,,,,
2024,Scf919c0f2aa75584,[B.Sc.] Computer Engineering,Sch203,International Baccalaureate (IB) Diploma,2020.0,May,"English A: Lang and Lit SL,Spanish B SL, Economics EE, Economics HL, Chemistry SL, Physics HL, Math HL,  TK",27.0,,,5.0,,,,,,,,,,,,,,,,,,,D,4.0,,,,,,,,,,,,,,,6.0,,,,3.0,4.0,5.0,,C,,,,,,,,,,,,,,,,,,,,,6,,,,,,,,,,,,,,,,,,,,,,,,,,,,,,,,,,,,,,,
2024,S9cdff636638f716a,[B.Sc.] Computer Science,Sch214,International Baccalaureate (IB) Diploma,2020.0,May,"English A: Lang and Lit HL, French B SL, ENV and Soc SL, Computer SC HL, Maths SL, Music EE, Music HL, TKO",26.0,,,,5.0,,,,,,,,,,,,,,,,,4.0,,,,,,,,,,,,,,,,,,,,,,,,3.0,C,,,4.0,,,,,,,,,,,,,4.0,,,,,D,6.0,,,,,,,,,,,,,,,,,,,,,,,,,,,,,,,,,,,,,,
2024,Sceccb0efab329249,[B.Sc.] Business Administration,Sch203,International Baccalaureate (IB) Diploma,2020.0,May,"English A: Lit SL, French B HL, Spanish AB SL, Economics EE, Economics HL, Chemistry HL, Math SL,  TK",29.0,,,,,,,5.0,,,,,,,,,,,,,,7.0,D,3.0,,,,,,,,,,,,,,,5.0,,4.0,,,,,5.0,D,,,,,,,,,,,,,,,,,,,,,,,,,,,,,,,,,,,,,,,,,,,,,,,,,,,,,,,,,,,,
2024,Sabc7773e328c9bf1,[B.Sc.] Business Administration,Sch214,International Baccalaureate (IB) Diploma,2020.0,May,"English A: Lang and Lit HL, French B SL, Geography EE, Geography HL, Biology HL, Chemistry SL, Math Studies SL, TK",29.0,,,,5.0,,,,,,,,,,,,,,,,,5.0,,,4.0,,,,,,,,5.0,,,,,,,,,,,3.0,,,,B,5.0,,,,,,,4.0,,,,,,,,,,,,,,,,,,,,,,,,,,,,,,,,,,,,,,,,,,,,,,,,,,,
2024,Sc8e9bb2c7ebfd025,[B.Sc.] Computer Science,Sch113,International Baccalaureate (IB) Diploma,2020.0,May,"English A: Lang and Lit SL, French AB SL, Economics EE, Economics HL, Chemistry HL, Physics HL, Mathematics  HL, TK",34.0,,,5.0,,,,,,,,,,,,,,,,,,6.0,4,4.0,,,,,,,,,,,,,,,,,5.0,,7.0,,6.0,,C,,,,,,,,,,,,,,,,,,,,,,,,,,,,,,,,,,,,,,,,,,,,,,,,,,,,,,,,,,,,
2024,Se68d73cccb73637b,[B.Sc.] Business Administration,Sch214,International Baccalaureate (IB) Diploma,2020.0,May,"EnglisH A: Lit HL, French B SL, History EE, Economics HL, Hist Africa and Mid. East HL, Biology HL, Math Studies SL, TK",27.0,,,,,4.0,,,,,,,,,,,,,,,,4.0,,5.0,,,,,,4.0,,,4.0,,,,,,,,,,,,,,B,,,,,,,,,,,,,,,,,,4.0,,,,,C,,,,,,,,,,,,,,,,,,,,,,,,,,,,,,,,,,,,,
2024,Sd497e3f74eb9af0f,[B.Sc.] Business Administration,Sch214,International Baccalaureate (IB) Diploma,2020.0,May,"English A: Lang and Lit HL, Spanish AB. SL, Business Management EE, ITGS HL, Business Management HL, Env and Soc SL, Math Studies SL, TK",33.0,,,,5.0,,,,,,,,,,,,,,,,,,,,,A,5.0,,,,,,5.0,,5.0,,,,5.0,,,,,,,,B,,,,,,,,,,,,,,,,5.0,,,,,,,,,,,,,,,,,,,,,,,,,,,,,,,,,,,,,,,,,,,,
2024,S0dbf20a1f7351ec5,[B.Sc.] Business Administration,Sch214,International Baccalaureate (IB) Diploma,2020.0,May,"English A: Lang and Lit HL, Spanish AB. SL, Business Management EE, ITGS HL, Business Management HL, Env and Soc SL, Math Studies SL, TK",26.0,,,,5.0,,,,,,,,,,,,,,,,,,,,,D,4.0,,,,,,4.0,,4.0,,,,5.0,,,,,,,,C,,,,,,,,,,,,,,,,4.0,,,,,,,,,,,,,,,,,,,,,,,,,,,,,,,,,,,,,,,,,,,,
2024,S8c9e25e570cc5821,[B.Sc.] Business Administration,Sch213,IGCSE,2020.0,May,"English A: Lang and Literature SL, Swahili SL, Economics EE, Economics HL, Geography HL, Biology HL, Mathematics SL, TK",32.0,,,5.0,,,,,,,,,,,,,,,,,,,C,6.0,5.0,,,,,,,,,,,,,,,,,,,,,4.0,C,,5.0,,,,,,,,,,,,,,,,,,,,,,,,,,,,,,,,,,,,,,,,,,,,,,,,,,,,,,,,,,
2024,S6df69292b083a462,[B.Sc.] Business Administration,Sch214,International Baccalaureate (IB) Diploma,2019.0,May,"English A: Lang and Lit HL, Spanish AB. SL, Business Management EE, Business Management HL, Economics HL, Env and Soc SL, Math Studies SL, TK",28.0,,,,5.0,,,,,,,,,,,,,,,,,,,4.0,,B,4.0,,,,,,5.0,,,,,,4.0,,,,,,,,C,,,,,,,,,,,,,,,,4.0,,,,,,,,,,,,,,,,,,,,,,,,,,,,,,,,,,,,,,,,,,,,
2024,S986f042085eacde2,[B.Sc.] Business Administration,Sch216,International Baccalaureate (IB) Diploma,2020.0,May,"EnglisH A: Lit SL, French B SL, Business Management EE, Business Management HL, Biology HL, Chemistry HL, Mathematics SL, TK",27.0,,,4.0,,,,,,,,,,,,,,,,,,6.0,,,4.0,B,6.0,,,,,,,,,,,,,,2.0,,,,,3.0,B,,,,,,,,,,,,,,,,,,,,,,,,,,,,,,,,,,,,,,,,,,,,,,,,,,,,,,,,,,,,
2024,S26f570fd1fc76227,[B.Sc.] Electrical and Electronic Engineering,Sch213,International Baccalaureate (IB) Diploma,2020.0,May,"English A: Literature SL, Spanish AB SL, Economics EE, Economics HL, Chemistry HL, Physics HL, Mathematics SL, TK",34.0,,,,,,,6.0,,,,,,,,,,,,,,,C,5.0,,,,,,,,,,,,,,,6.0,,4.0,,4.0,,,7.0,A,,,,,,,,,,,,,,,,,,,,,,,,,,,,,,,,,,,,,,,,,,,,,,,,,,,,,,,,,,,,
2024,S7fb2cb47efe770a1,[B.Sc.] Electrical and Electronic Engineering,Sch213,International Baccalaureate (IB) Diploma,2020.0,May,"English A: Literature SL, French B SL, Economics HL, Computer SC EE, Computer Sc HL, Physics HL, Mathematics SL, TK",34.0,,,,,,,7.0,,,,,,,,,,,,,,4.0,,6.0,,,,,,,,,,,,,,,,,,,5.0,,,6.0,C,,,5.0,,,,,,,,,,,,,,,,,,,,,,,,,,,,,,,,,,,,,,,,,,,,,,,,,,,,,,,,,
2024,S5a9c778275e9eb7b,[B.Sc.] Business Administration,Sch213,International Baccalaureate (IB) Diploma,2020.0,May,"English A: Lang and Literature SL, Swahili SL, Economics EE, Economics HL, Physics HL, Computer Sc SL, Mathematics HL, TK",29.0,,,5.0,,,,,,,,,,,,,,,6.0,,,,C,6.0,,,,,,,,,,,,,,,,,,,3.0,,3.0,,,,,,4.0,,,,,,,,,,,,,,,,,,,,,,,,,,,,,,,,,,,,,,,,,,,,,,,,,,,,,,,,
2024,S0aef8c0ca72b501d,[B.Sc.] Business Administration,Sch214,International Baccalaureate (IB) Diploma,2020.0,May,"English A EE, English A: Lang and Lit SL, French B HL, Economics SL, Biology HL, Chemistry HL, Mathematics SL, TK",29.0,,B,6.0,,,,,,,,,,,,,,,,,,,,,5.0,,,6.0,,,,,,,,,,,,,3.0,,,,,3.0,C,,,,,,,,,,,,,,,,,,,4.0,,,,,,,,,,,,,,,,,,,,,,,,,,,,,,,,,,,,,,,,,
2024,Sddb6f08cebdecc75,[B.Sc.] Computer Science,Sch213,International Baccalaureate (IB) Diploma,2020.0,May,"English A EE, English A: Lang and Lit SL, Swahili AB, Economics Hl, Computer Science HL, Physics HL, Mathematics SL, TK",32.0,,C,6.0,,,,,,,,,,,,,,,5.0,,,,,5.0,,,,,,,,,,,,,,,,,,,4.0,,,5.0,B,,,5.0,,,,,,,,,,,,,,,,,,,,,,,,,,,,,,,,,,,,,,,,,,,,,,,,,,,,,,,,,
2024,S0be8d0afa69feedc,[B.Sc.] Business Administration,Sch210,International Baccalaureate (IB) Diploma,2020.0,May,"English A: Literature HL, Spanish AB SL, Business Management EE, Business Management HL, Economics HL, Env and Soc SL, Math Studies SL, TK",37.0,,,,,5.0,,,,,,,,,,,,,,,,,,7.0,,B,7.0,,,,,,5.0,,,,,,6.0,,,,,,,,C,,,,,,,,,,,,,,,,5.0,,,,,,,,,,,,,,,,,,,,,,,,,,,,,,,,,,,,,,,,,,,,
2024,S9c230d6b202a8655,[B.Sc.] Mechanical Engineering,Sch213,International Baccalaureate (IB) Diploma,2020.0,May,"English A: Literature SL, Spanish AB SL, Economics EE, Economics HL, Computer SC SL, Physics HL, Mathematics HL, TK",30.0,,,,,,,5.0,,,,,,,,,,,,,,,C,5.0,,,,,,,,,,,,,,,7.0,,,,3.0,,4.0,,B,,,,4.0,,,,,,,,,,,,,,,,,,,,,,,,,,,,,,,,,,,,,,,,,,,,,,,,,,,,,,,,
2025,S1a53127de933ad97,[B.Sc.] Business Administration,Sch201,IB Diploma ,2020.0,May,"Biology, Mathematics, Chemistry, Georgraphy",32.0,,,,,,,,,,,,,,,,,,,,,,,,,,,,,,,,,,,,,,,,,,,,,,,,,,,,,,5.0,5.0,4.0,,5.0,,,,,,,,,,,,6.0,,,,,,,,,,,,,,,,,,,,,,,,,,,,,,,,,,,,
2025,Seceb0b3936a22d05,[B.Sc.] Mechanical Engineering,Sch213,IB Diploma ,2021.0,May,"Physics, Geography, Mathematics",33.0,,,4,,,,,,,,,,,,,,,,,,,,,,,,,,,,,,,,,,,,,,,,,,,8,,5.0,,6.0,,,,8.0,,,,,,,,,,,,,,,,6.0,,,,,,,5.0,,,,,,,,,,,,,,,,,,,,,,,,,,,,,
2025,S3ac615e867400ba3,[B.Sc.] Mechanical Engineering,Sch213,IB Diploma,2021.0,May,"Physics, Geography, Mathematics",31.0,,,5,,,,,,,,,,,B,,,,,,,,,,,,,,,,,,,,,,,,5.0,,,C,,,,,,,,5.0,,,,,,,,,,,,,,,,,,,,,,,,,,,,5.0,,4.0,,,,5.0,,,,,,,,,,,,,,,,,,,,,,,
2025,S2ab3e0634026f5f4,[B.Sc.] Computer Engineering,Sch214,IB Diploma,2021.0,May,"Business Management, Physics, Mathematics",33.0,,,5,,,,,,,,,,,C,,,,,,,,,,,,,,,,,B,,,5.0,,,,7.0,,,,,,,,,,,,,,,,,,,,,,,,,,,,,,,,,,,,6.0,,,3.0,,5.0,,,,,,,,,,,,,,,,,,,,,,,,,,,
2025,S679fd3630e1e7ca2,[B.Sc.] Business Administration,Sch214,IB Diploma,2019.0,May,"Economics, Physics, Computer",30.0,,,6,,,,,,,,,,,,,,,,,,5.0,D,5.0,,,,,,,,,,,,,,,,,,,,,,5.0,C,,,5.0,,,,,,,,,,,,,,,,,,,,,,,,,,,,4.0,,,,,,,,,,,,,,,,,,,,,,,,,,,,,
2025,S58226efb99d74c75,[B.Sc.] Business Administration,Sch214,IB Diploma,2021.0,May,"Business Management, Economics, Mathematics",34.0,,,5,,,,,,,,,,,B,,,,,,,4.0,C,6.0,,,6.0,,,,,,,,,,,,,,,,,,,,,,,,,,,,,,,,,,,,5.0,,,,,,,,,,,,,,,,,,,5.0,,,,,,,,,,,,,,,,,,,,,,,,,
2025,Sb7302fb65524ae2b,[B.Sc.] Computer Science,Sch214,IB Diploma,2021.0,May,"Computer Science, Physics, Env. And Soc",32.0,,,5,,,,,,,,,,,C,,,,,,,6.0,,,,,,,,,,,,,,,,,,,,,,,,,,,,6.0,,,,,,,,,,,,,5.0,,,,,,,,,,,,,,,4.0,,,,5.0,,,C,,,,,,,,,,,,,,,,,,,,,,
2025,S5c350b50acee15c2,[B.Sc.] Business Administration,Sch214,IB Diploma,2021.0,May,"Business Management, ITGS, Biology",34.0,,,5,,,,,,,,,,,C,,,,,,,5.0,,,5.0,,6.0,,,,,B,,,6.0,,,,,,,,,,,,,,,,,,,,,,,,,,,,,,,,,,,,,,,,,,,,,5.0,,,,,,,,,,,,,,,,,,,,,,,,,,,
2025,Sd746885c5e5407b6,[B.Sc.] Business Administration,Sch214,iB Diploma - Course,2021.0,May," Business Management, Economics, Mathematics Application",26.0,,,,4.0,,,,,,,,,,,,,,,,,,,,,,4.0,5.0,,,,,,,,,,,5.0,,,,,,,,,,,,,,,,,,,,,,,,4.0,,,,,,,,,,,,,,,,,,,,4.0,,,,,,,,,,,,,,,,,,,,,,,,
2025,S5572f6b9d4d8c00b,[B.Sc.] Business Administration,Sch213,International Baccalaureate (IB) Diploma,2021.0,May,"Economics, Geography, Biology",39.0,,,6,,,,,,,,,,,,,,,,,,,,5.0,6.0,,,,,,,,,,,,,,,,,,,,,,C,B,7.0,,,,,,,,,,,,,,,,,,,,,,,,,,,,,,,,,,7.0,,,,,,,,,,,,,,,,,,,,,,,,
2025,S4a824b3561499c2c,[B.Sc.] Business Administration,Sch214,International Baccalaureate (IB) Diploma,2021.0,May,"Business Management, Env. And Soc, Music",27.0,,,,5.0,,,,,,,,,,,,,,,,,,,,,,4.0,,,,,,,,,,,,5.0,,,,,,,,C,,,,,,,,,,,,,,,,4.0,,,,,,,,,,,,,,,,,,,,3.0,,,,C,5.0,,,,,,,,,,,,,,,,,,,
2025,S97aa0cea7025d45d,[B.Sc.] Electrical and Electronic Engineering,Sch213,International Baccalaureate (IB) Diploma,2021.0,May,"Economics, Chemistry, Physics",28.0,,,5,,,,,,,,,,,,,,,,,,4.0,D,,,,,,,,,,,,,,,,,,,,,5.0,,,C,,,,,,,,,,,,,,,,,,,,,,,,,,,,,,,5.0,,4.0,,,,,,,,,,,,,,,,,,,,,,,,,,,
2025,S7ee0e74aa294adea,[B.Sc.] Business Administration,Sch213,International Baccalaureate (IB) Diploma,2021.0,May,"Geography, Economics, Chemistry",32.0,,,,4.0,,,,,,,,,,,,,,,,,,,5.0,,,,,,,,,,,,,,,,,,,,5.0,,,,A,5.0,,,,,,,,,,,,,,,,,,,,,,5.0,,,,,,,,,,,,6.0,,,,,,,,,,,,,,,,,,,,,,,,
2025,S0a9e6f77e157553a,[B.Sc.] Business Administration,Sch213,International Baccalaureate (IB) Diploma,2021.0,May,"Geography, Economics, Chemistry",35.0,,,,5.0,,,,,,,,,,,,,,,,,,,6.0,,,,,,,,,,,,,,,,,,,,5.0,,,,D,6.0,,,,,,,,,,,,,,,,,,,,,,6.0,,,,,,,,,,,,,,,,,,,,,,,,,,,,,,,,,,,,
2025,S25f757c70b024f13,[B.Sc.] Business Administration,Sch213,International Baccalaureate (IB) Diploma,2021.0,May,"Economics, Computer Science, Visual Arts",33.0,,,4,,,,,,,,,,,B,,,,,,,,C,6.0,,,,,,,,,,,,,,,4.0,,,,,,,,,,,7.0,,,,,,,,,,,,,,,,,,,,,,,,,,5.0,,,,5.0,,,,,,,,,,,,,,,,,,,,,,,,,,,
2025,Se6847f94549eb8f7,[B.Sc.] Computer Science,Sch214,International Baccalaureate (IB) Diploma,2021.0,May,"Business management, Computer Sc, Theory Knowl. ",31.0,,,6,,,,,,,,,,,,,,,,,,,,,,A,5.0,,,,,,,,,,,,4.0,,,,3.0,,,,B,,,6.0,,,,,,,,,,,,,,,,,,,,,,,,,,,,,,,,,4.0,,,,,,,,,,,,,,,,,,,,,,,,
2025,S5e98999b026171bb,[B.Sc.] Computer Science,Sch214,International Baccalaureate (IB) Diploma,2021.0,May,"Geography, Computer Science, Physics",34.0,,,,4.0,,,,,,,,,,,,,,,,,5.0,,,,,,,,,,,,,,5.0,,,,,,,,,,,B,,6.0,6.0,,,,,,,,,,,,,,,,,,,,,,,,,,,,,,6.0,,,,,C,,,,,,,,,,,,,,,,,,,,,,
2025,Scbdf2178cc9238ae,[B.Sc.] Business Administration,Sch214,International Baccalaureate (IB) Diploma,2021.0,May,"Business management, Env. And Soc, Theory Knowl. ",26.0,,,A,,,,,,,,,,,,,,,,,,,,,,,4.0,,,,,C,,,5.0,,,,,,,,,,,,C,,,,,,,,,,,,,,,,4.0,,,,,,,,,,,,,,4.0,,,,,,4.0,,,,,,,,,,,,,,,,,,,,,,,,
2025,Sbb143aef9aa4afa6,[B.Sc.] Business Administration,Sch208,International Baccalaureate (IB) Diploma,2020.0,May,"Biology, Psychology, Math Studies",33.0,,,7,,,,,,,,,,,,,,,,,,,,,,,,,,,,,,,,,,,,,,,,,,,,,,,,,,,,3.0,,,,,,,,,,,,,,,,,,,,,,,5.0,,,,,,,7.0,,,5.0,5.0,,,,,,,,,,,,,,,,,
2025,Sb85eaea9c462ca97,[B.Sc.] Business Administration,Sch214,"IGCSE 'A' Level
International Baccalaureate (IB) Diploma",2021.0,May,"Economics, Biology, ITGS",34.0,,,,5.0,,,,,,,,,,,,,,,,,,B,5.0,,,,,,6.0,,,,,6.0,,,,,,,,,,,,B,,,,,,,,,,,,,,,,,,,,,,,,,4.0,,,,,,,,,,,6.0,,,,,,,,,,,,,,,,,,,,,,,,
2025,S2160a74c8f88d4e8,[B.Sc.] Business Administration,Sch214,International Baccalaureate (IB) Diploma,2021.0,May,"Business management, Env. And Soc, ITGS",32.0,,,,4.0,,,,,,,,,,,,,,,,,,,,,,6.0,,,,,C,,,6.0,,,,,,,,,,,,C,,,,,,,,,,,,,,,,6.0,,,,,,,,,5.0,,,,,,,,,,,,,,,,,,,,,,,,,,,,,,,,,,,
2025,S13ab3c5f0536cdb8,[B.Sc.] Business Administration,Sch213,International Baccalaureate (IB) Diploma,2021.0,May,"Geography, Economics, Biology",32.0,,,,,5.0,,,,,,,,,,,,,6.0,,,,,5.0,,,,,,5.0,,,,,,,,,,,,,,,,,C,,,,,,,,,,,,,,,,,,,,,,,,,,C,5.0,,,,,,,,,5.0,,,,,,,,,,,,,,,,,,,,,,,,
2025,S1fada4f71d10a832,[B.Sc.] Computer Science,Sch213,International Baccalaureate (IB) Diploma,2021.0,May,"Economics, Physics, Computer",34.0,,,6,,,,,,,,,,,B,,,,,,,,,,,,,5.0,,,,,,,,,,,,,,B,4.0,,,,,,,,,,,,,,,,,,,,,,,,,,,,6.0,,,,,,,,,,,,,,,,,,,,,,,,,,,,,,,,,,,,
2025,S3303d5299162e16a,[B.Sc.] Computer Science,Sch213,International Baccalaureate (IB) Diploma,2021.0,May,"Geography, French, Biology",40.0,,,,5.0,,,,,,,,,,B,,,,,,,6.0,,,,,,,,6.0,,B,,,7.0,,,,,,,,,,,,,,,,,,,,,,,,,,,,,,,,,,,,,,,7.0,,,,,,,,,7.0,,,,,,,,,,,,,,,,,,,,,,,,
2025,S92ea79588499bc8a,[B.Sc.] Business Administration,Sch203,International Baccalaureate (IB) Diploma,2021.0,May,"Economics, Physics, Business Management",24.0,,,4,,,,,,,,,,,,,,,,,,,D,4.0,,,5.0,,,,,,,,,,,,4.0,,,,3.0,,,,,,,,,,,,,,,,,,,,,,,,,,,,,,,,,,,,,,4.0,,,,,,,,,,,,,,,,,,,,,,,,,,
2026,Sf6ee896ee9e8bc2c,[B.Sc.] Management Information Systems,Sch214,International Baccalaureate (IB) Diploma,2022.0,May ,"Business Management, Computer Sc, Mathematics",41.0,,,6.0,,,,,,,,,5.0,,,,,,,,,,,,,,7.0,,,,,,,,,7.0,,,,,,,,,,,A,,,7.0,,,,,,,,,,,,,,,,,,,,,,,,,,,,,,,,6.0,,,B,,,,,,,,,,,,,,,,,,,,,,
2026,S13dc40f1ac04db1b,[B.Sc.] Business Administration,Sch213,International Baccalaureate (IB) Diploma,2022.0,May,"English, Geography, Theatre, ",35.0,6,,,5.0,,,,,,,,,,,,,,,,,6.0,,,,,,,,,,,,,,,,,,,,,,,,,B,,7.0,,,,,,,,,,,,,,,,,,,,,,,,,,,,,,,,,,5.0,,,,,,,,4.0,,,,,,,,,,,,,,,,
2026,Sfac6767d06bbbc95,[B.Sc.] Business Administration,Sch204,International Baccalaureate (IB) Diploma,2022.0,May,"English, Business Management, Economics",37.0,,,,6.0,,,,,,,,,,,,,,,,,5.0,,6.0,,C,7.0,,,,,,,,,,,,,,,,,,,,B,,,,,,,,,,,,,,,,6.0,,,,,,,,,,,,,,,,,,,,5.0,,,,,,,,,,,,,,,,,,,,,,,,
2026,S7e496eb271cead19,[B.Sc.] Business Administration,Sch214,International Baccalaureate (IB) Diploma,2022.0,May ,"English, Business Management, ITGS",39.0,,,,6.0,,,,,,,,,,,,,,,,,6.0,,,,A,6.0,,,6.0,,,,,6.0,,,,,,,,,,,,B,,,,,,,,,,,,,,,,,,,,,,,,,,,,,,,,,,,,6.0,,,,,,,,,,,,,,,,,,,,,,,,
2026,Sd02d94b77424ea10,[B.Sc.] Business Administration,Sch214,International Baccalaureate (IB) Diploma,2022.0,May ,"English, ITGS, Theatre",27.0,6,,,,4.0,,,,,,,,,,,,,,,,4.0,,,,,,,,,,,,,4.0,,,,,,,,,,,,B,,,,,,,,,,,,,,,,3.0,,,,,,,,,,,,,,,,,,,,4.0,,,,,,,,,,,,,,,,,,,,,,,,
2026,Sa368c1d4ed209b38,[B.Sc.] Business Administration,Sch214,International Baccalaureate (IB) Diploma,2022.0,May ,"Business Management, Chemistry, English ",,,,5.0,,,,,,,,,,,,,,,,,,,,,,,6.0,,,,,,,,,,,,,,4.0,,3.0,,,,,,,,,,,,,,,,,,,,,,,,,,,,,,,,,,,,,5.0,,,,,,,,,,,,,,,,,,,,,,,,,,,
2026,S77b5f0cbad60398b,[B.Sc.] Business Administration,Sch214,International Baccalaureate (IB) Diploma,2022.0,May ,,,,,,,,,,,,,,,,,,,,,,,,,,,,,,,,,,,,,,,,,,,,,,,,,,,,,,,,,,,,,,,,,,,,,,,,,,,,,,,,,,,,,,,,,,,,,,,,,,,,,,,,,,,,
2026,S4919b61e5f800e53,[B.Sc.] Mechanical Engineering,Sch213,International Baccalaureate (IB) Diploma,2022.0,May ,"Chemistry, Physics, Mathematics ",31.0,,,5.0,,,,,,,,,,,,,,,,,,4.0,,,,,,5.0,,,,,,,,,,,,B,6.0,,,,,,C,,,,,,,,,,,,,,,,,,,,,,,,,,,,,,,5.0,,,,,,,,,,,,,,,,,,,,,,,,,,,,,
2026,S2b1e63b08901e3f8,[B.Sc.] Business Administration,Sch214,International Baccalaureate (IB) Diploma,2022.0,May ,"English, Business Management, History",40.0,,A,,7.0,,,,,,,,,,,,,,,,,6.0,,,,,6.0,,,6.0,,,,,,,,,,,,,,,,5.0,B,,,,,,,,,,,,,,,,,7.0,,,,,,,,,,,,,,,,,,,,,,,,,,,,,,,,,,,,,,,,,,,
2026,S00039f6fd1b74390,[B.Sc.] Mechanical Engineering,Sch203,"IGCSE 'A' Level
International Baccalaureate (IB) Diploma",2022.0,May ,"Economics, Physics, Mathematics",36.0,,,5.0,,,,,,,,,,,,,,,,,,6.0,,6.0,,,,,,,,,,,,,,,,,,,5.0,,,,C,,,,,,,,,,,,,,,,,,,,,,,,,,,,,,,,,5.0,,,,,,,,,,,7.0,,,,,,,,,,,,,,,,
2026,Sfdcb5761290c385b,[B.Sc.] Computer Science,Sch214,International Baccalaureate (IB) Diploma,2022.0,May ,"Chemistry, Physics, Mathematics  ",,,,6.0,,,,,,,,,,,,,,,,,,,,,,,,,,,,,,,,,,,4.0,,3.0,,3.0,,,,C,,,,,,,,,,,,,,,,,,,,,,,,,,,,,,,,,,,,5.0,,,,,,,,,,,,,,,,,,,,,,,,
2026,S02947b236b94ce1f,[B.Sc.] Business Administration,Sch214,International Baccalaureate (IB) Diploma,2022.0,May ,"English, Business Management, Economics",,,,,,4.0,,,,,,,,,,,,,,,,,,4.0,,4,4.0,,,,,,,,,,,,,,,,,,,,,,,,,,,,,,,,,,,,3.0,,,,,,,,,,,,,,,,,,,,3.0,,,,,,,,,,,,,,,,,,,,,,,,
2026,S50fdf954c6c9a46e,[B.Sc.] Computer Science,Sch210,International Baccalaureate (IB) Diploma,2022.0,May ,"Business Management, ITGS, Mathematics ",29.0,,,,,,,5.0,,,,,,,,,,,,,,3.0,,,,,,,,,,B,,,6.0,4.0,,,,,,,,,,,B,,,,,,,,,,,,,,,,,,,,,,,,,,,,,,,,,3.0,,,,,,,,,,,,,,,,,,,,,,,,,,,
2026,S8ac4cc9c758df229,[B.Sc.] Business Administration,Sch203,International Baccalaureate (IB) Diploma,2022.0,May,"English, Business Management, ITGS",28.0,,,,,5.0,,,,,,,,,,,,,,,,,,,,B,4.0,,,,,,,,5.0,,,,,,,,,,,,D,,,,,,,,,,,,,,,,4.0,,,,,,,,,5.0,,,,,,,,,,,4.0,,,,,,,,,,,,,,,,,,,,,,,,
2026,Sbdbb5656606ffa72,[B.Sc.] Business Administration,Sch213,International Baccalaureate (IB) Diploma,,,,,,,,,,,,,,,,,,,,,,,,,,,,,,,,,,,,,,,,,,,,,,,,,,,,,,,,,,,,,,,,,,,,,,,,,,,,,,,,,,,,,,,,,,,,,,,,,,,,,,,,,,,,,,
2026,S0ebdac99c5d28686,[B.Sc.] Business Administration,Sch215,International Baccalaureate (IB) Diploma,2020.0,June,"Chemistry, Physical & health Education",,,,,,,,,,,,,,,,,,,,,,,,,,,,,,,,,,,,,,,,,,,,,,,,,,,,,,,,,,,,,,,,,,,,,,,,,,,,,,,,,,,,,,,,,,,,,,,,,,,,,,,,,,,
2026,Sd324cfeb217c088b,[B.Sc.] Management Information Systems,Sch213,International Baccalaureate (IB) Diploma,2022.0,May,"Economics, Geography, Computer Science ",32.0,,,5.0,,,,,,,,,,,,,,,5.0,,,,,6.0,,,,,,,,C,,,,,,,,,,,,,,,B,,5.0,5.0,,,,,,,,,,,,,,,,,,,,,,,,,,,,,,,4.0,,,,,,,,,,,,,,,,,,,,,,,,,,
2026,Sa47554c9a80514cf,[B.Sc.] Computer Science,Sch213,International Baccalaureate (IB) Diploma,2022.0,May  ,"Economics, Georgraphy, Computer Science",26.0,,,4.0,,,,,,,,,,,,,,,,,,,C,4.0,,,,,,,,,,,,,,,4.0,,,,,,,,B,,5.0,,4.0,,,,,,,,,,,,,,,,,,,,,,,,,,,,,,3.0,,,,,,,,,,,,,,,,,,,,,,,,,,
2026,S6065ee82b750a5f9,[B.Sc.] Business Administration,Sch214,International Baccalaureate (IB) Diploma,2021.0,May  ,"Music, History Africa & Mid East",,,,,,,,5.0,,,,,,,,,,,,,,,,,,,,,,,3.0,,,,,,,,,,,,,,,,,,,,,,,,,,,,,,,,,,,,,,,,3.0,,,,,,,,,,,,,,,,,4.0,,,,,,,,,,,,,,,,,,,
2026,S229f3a41e2b7f40d,[B.Sc.] Computer Science,Sch204,International Baccalaureate (IB) Diploma,2022.0,May  ,"Business Management, Computer Sc, Physics",26.0,,,5.0,,,,,,,,,,,,,,,,,,,,,,,,,,,,B,,,,,,,4.0,,,,3.0,,,,C,,,4.0,,,,,,,,,,,,,,,,,,,,,,,,,,,,,,,3.0,,,,,,,,,,,,,,,,,,,,,,,,,,
2026,Sc2d28a195303d43a,[B.Sc.] Management Information Systems,Sch213,International Baccalaureate (IB) Diploma,2022.0,May ,"Economics, Georgraphy, Chemistry",31.0,,,6.0,,,,,,,,,,,,,,,,,,,C,7.0,,,,,,,,,,,,,,,4.0,,3.0,,,,,,C,,6.0,,,,,,,,,,,,,,,,,,,,,,,,,,,,,,,,,,4.0,,,,,,,,,,,,,,,,,,,,,,,,
2026,Sc8603012d568ef5e,[B.Sc.] Mechanical Engineering,Sch211,International Baccalaureate (IB) Diploma,2022.0,May,"Ref Project, Mathematics ",,B,,6.0,,,,,,,,,,,,,,,,,,,,,,,,,,,,,,,,,,,,,,,,,,,,,,,,,,,,,,,,,,,,,,,,,,,,,,,,,,,,,,5.0,,,,,,,,,,,,,,,,,,,,,,,,,
2026,S5d2225afac0ba597,[B.Sc.] Mechanical Engineering,Sch211,International Baccalaureate (IB) Diploma,2022.0,May ,"Ref Project, Mathematics ",,C,,5.0,,,,,,,,,,,,,,,,,,,,,,,,,,,,,,,,,,,,,,,,,,,,,,,,,,,,,,,,,,,,,,,,,,,,,,,,,,,,,,5.0,,,,,,,,,,,,,,,,,,,,,,,,,
2026,S7c2faf3b7b881a09,[B.Sc.] Computer Science,Sch203,International Baccalaureate (IB) Diploma,2022.0,May ,"Biology, Chemistry, Economics",25.0,,,4.0,,,,,,,,,,,,,,,,,,,,,4.0,,,3.0,,,,,,,,,,,,,3.0,,,,,,C,,,,,,,,,B,,,,,,,,,,,,,,,,,,,,,5.0,,,4.0,,,,,,,,,,,,,,,,,,,,,,,,,,,
2026,S9ed5b215aac3c818,[B.Sc.] Business Administration,Sch213,International Baccalaureate (IB) Diploma,2022.0,May ,"Economics, mathematics, english ",34.0,,,,5.0,,,,,,,,,,,,,,,,,,C,6.0,,,,,,5.0,,,,,,,,,7.0,,,,,,,,C,,,,,,,,,,,,,,,,,,,,,,,,,,,,,,,,,4.0,,,,6.0,,,,,,,,,,,,,,,,,,,,,,,
2026,Sd364fa5c2782f268,[B.Sc.] Business Administration,Sch213,International Baccalaureate (IB) Diploma,2022.0,May,"Economics,History, Chemistry ",27.0,,,6.0,,,,,,,,,,,,,,,,,,,,5.0,,,,,,,4.0,,,,,,,,4.0,,3.0,,,,,,C,,,,,,,,,,,,,,,,,,,,,,,,,,,,,,,,,,4.0,,,,,,,,,,,,,,,,,,,,,,,,,,
2026,S2c2eb96cd1942068,[B.Sc.] Electrical and Electronic Engineering,Sch214,International Baccalaureate (IB) Diploma,2022.0,May ,"Business Management, Physics, Computer Science ",38.0,,,6.0,,,,,,,,,,,,,,,,,,5.0,,,,,6.0,,,,,,,,,,,,,,,B,5.0,,,,A,,,7.0,,,,,,,,,,,,,,,,,,,,,,,,,,,,,,6.0,,,,,,,,,,,,,,,,,,,,,,,,,,,
2027,S090d00b6dc6e8b64,[B.Sc.] Computer Science,Sch214,International Baccalaureate (IB) Diploma,2023.0,May,"Economics, Computer Science, Mathematics Analysis & Appro",37.0,,,,5.0,,,,,,,,,,,,,,,,,5.0,C,6.0,,,,,,,,,,,,6.0,,,,,,,,,,,,,,6.0,,,,,,,,,,,,,,,,,,,,,,,,,,,,,,,7.0,,,,,,,,,,,,,,,,,,,,,,,,,,
2027,Sc73ecfefda52189b,[B.Sc.] Business Administration,Sch205,International Baccalaureate (IB) Diploma,2023.0,May,"Business Management HL, Hist. in Africa And Mid. East HL, Biology SL in English",27.0,,,,5.0,,,,,,,,,,,,,,,,,5.0,,,,,4.0,,,2.0,,,,,,,,,,,,,,,,,B,,,,,,,,,,,,,,,,,,,,,,,,,,,,,,,,,,3.0,,,,,,,,,,,,,,,6.0,C,,,,,,,,,,
2027,Se1e4afa3cbbd5e9e,[B.Sc.] Mechanical Engineering,Sch213,International Baccalaureate (IB) Diploma,2023.0,May,"Chemistry, Physics, Mathematics Analysis & Appro",32.0,,,4.0,,,,,,,,,,,,,,,,,,6.0,,,,,,6.0,,,,,,,,,,,,,4.0,,5.0,,,,A,,,,,,,,,,,,,,,,,,,,,,,,,,,,,,,,,4.0,,,,,,,,,,,,,,B,,,,,,,,,,,,,
2027,S602e8244e153afe7,[B.Sc.] Mechanical Engineering,Sch214,International Baccalaureate (IB) Diploma,2023.0,May,"Mathematics Applications and I HL, Physics HL, French B SL.",29.0,,,5.0,,,,,,,,,,,,,,,,,,4.0,,,,,,,,,,,,,,,,,,,,B,3.0,,,,B,,5,,,,,,,,,,,,,,,,,,,,,,,,,,6.0,,,,,,,4.0,,,,,,,,,,,,,,,,,,,,,,,,,
2027,Se0b9d99f098e99dc,[B.Sc.] Business Administration,Sch204,International Baccalaureate (IB) Diploma,2022.0,May,"Business Management HL, Economics, Math Analysis",41.0,,,6.0,,,,,,,,,,,,,,,,,,7.0,,7.0,,,,,,,,,,,,,,,,,,,,,,,,,,,,,,,,,,,,,,,7.0,,,,,,,,,,,,,,,,,,,,,,,,,,,,,,,,6.0,,,,,,,,,,,,
2027,S70b5d57b0f18429c,[B.Sc.] Management Information Systems,Sch210,International Baccalaureate (IB) Diploma,2023.0,May,"Business Management, Compouter SC, Spanish",31.0,,,,,,,,,,,,,,C,,,,,,,,,,,,5.0,,,,,,,,,,,,5.0,,,,,,,,,,,4.0,,,,,,,,,,,,,,,,,,,,,,,,,,,,,,,4.0,,,,,,,,,,,,,,,,,,,,,,,,,,
2027,S083cd59bb39bd338,[B.Sc.] Mechanical Engineering,Sch213,International Baccalaureate (IB) Diploma,2023.0,May,"Physics HL, Mathematics Analysis and Appro HL",34.0,,,4.0,,,,,,,,,,,,,,,,,,,,7.0,,,,,,,,,,,,,5.0,C,,6,,,,,,,,,B,,,,,,,,,,,,,,,,,,,,,,,,,,,,,,,,5.0,,,,6,,,,,,,,,,,,,,,,,,,,,,
2027,Sdd2a8381de717f54,[B.Sc.] Management Information Systems,Sch204,International Baccalaureate (IB) Diploma,2023.0,May,"English A: Lang and Literature SL, Economics HL, Physics HL",31.0,,,6.0,,,,,,,,,,,,,,,,,,5.0,A,5.0,,,,,,,,,,,,,,,,,,5,,,,,,,C,,,,,,,,,,,,,,,,,,,,,,,,,,,,,,,,4.0,,,,,,,,,,4.0,,,,,,,,,,,,,,,,
2027,Sf8f92655c646f340,[B.Sc.] Computer Engineering,Sch204,International Baccalaureate (IB) Diploma,2023.0,May,"Spanish AB SL, Mathematics Analysis and Appro HL, English A: Lang and Literature SL",33.0,,,5.0,,,,,,,,,,,,,,,,,,,,,,,,,,,,,B,5.0,,,,,,6,,,,,5.0,,,,B,,,,,,,,,,,,,,,,,,,,,,,,,,,,,,,,6.0,,,,,,,,,,4.0,,,,,,,,,,,,,,,,
2027,S451ecc16c377cd7c,[B.Sc.] Business Administration,Sch214,International Baccalaureate (IB) Diploma,2023.0,May - IB Course,"Business Management in English, Hist. Africa and Mid. Ease HL, English A: Lang and Lit HL",26.0,,,4.0,,,,,,,,,,,,,,,,,,,,,,,,,,,,,,,,,,,,,,,,,,,,3.0,,,,,,,,,,,,,,,,,,,,,,,,,,,6.0,,,,,,,,,,,,5.0,,,,,,,,,,3,,,,,,,,,,
2027,S7b442dfbea065197,[B.Sc.] Management Information Systems,Sch213,International Baccalaureate (IB) Diploma,2023.0,May,"English A: Lang and Literature SL, Mathematics A Economics HL",33.0,,C,6.0,,,,,,,,,,,,,,,,,,,,5.0,5.0,,,,,,,,,,,,,,,5,,,,,,,,,B,,,,,,,,,,,,,,,,,,,,,,,,,,,,,,,,6.0,,,,,,,,,,,,,,,,,,,,,,,,,,
2027,S2dd7441bb11f02eb,[B.Sc.] Business Administration,Sch214,International Baccalaureate (IB) Diploma,2023.0,May,"Spanish B SL, Biology HL, Psychology HL",25.0,,,4.0,,,,,,,,,,,,,,,,,,,,,4.0,,,,,,,,,,,,,,,,5.0,,,,,3.0,,3.0,C,,,,,,,,,,,,,,,,,,,,,,,,A,,,,,,,,,,,,,,,,,,,,,,,,,,,,,,,,,,
2027,S1180df044de91bbd,[B.Sc.] Business Administration,Sch213,International Baccalaureate (IB) Diploma,2023.0,May,"Geography HL, Kiswahili AB. SL, ",25.0,,,4.0,,,,,,,,,,,,,,,5.0,,,,,5.0,,4,,,,,,,,,,,,,,,,,,,,,,,C,,,,,,,3.0,,3.0,,,,,,,,,,,,,,,,C,,,,,,,,,,,,,,,,,,,,,,,,,,,,,,,,,
2027,Se620660ae180437a,[B.Sc.] Business Administration,Sch204,International Baccalaureate (IB) Diploma,2023.0,May,"English HL, Business Management HL, Hist. Africa and Mid. East HL, ",25.0,,,,3.0,,,,,,,,,,,,,,,,,,,,,C,5.0,,,,,,,,,,,,3.0,,,,,,,,B,,,,,,,,,,,,,,,,4.0,,,,,,,,,,,,,,,,,,3.0,,,,,,,,,,,,,,,5.0,,,,,,,,,,,
2027,S8491772923c47f06,[B.Sc.] Computer Science,Sch213,International Baccalaureate (IB) Diploma,2023.0,May,"Physics HL, Mathematics Analysis and Appro HL, Computer Sc. ",26.0,,C,4.0,,,,,,,,,,,,,,,,,,3.0,,,,,,4.0,,,,,,,,,,,,,,,,,,,B,,,4.0,,,,,,,,,,,,,,,,,,,,,,,,,,,,5.0,,4.0,,,,,,,,,,,,,,,,,,,,,,,,,,,
2027,S7f8f0d94581bc5f9,[B.Sc.] Computer Science,Sch206,International Baccalaureate (IB) Diploma,2023.0,June,"Physics, Philosophy, History/Geography",15.22,,,,,,,,,,,,,,,,,,,,,,,,,,,,,,,,,,,,,,,,,,,,,,,,,,,,,,,,,,,,,,,,,,,,,,,,,,,,,,,,,,,,,,,,,,,,,,,,,,,,,,,,,,
2027,S131712b69423896f,[B.Sc.] Computer Science,Sch214,International Baccalaureate (IB) Diploma,2023.0,May,"Business Management, Biology, Chemistry",37.0,,,6.0,,,,,,,,,,,,,,,,,,,,,6.0,,6.0,,,,,,,,,,,,6.0,,5.0,,,,,,C,,,,,,,,,,,,,,,,,,,,,,,,,,,,,,,,,,6.0,,,,,,,,,,,,B,,,,,,,,,,,,,,
2027,Sfad5882353d66d69,[B.Sc.] Mechanical Engineering,Sch210,International Baccalaureate (IB) Diploma,2023.0,May,"Computer SC, Physics , Mathematics Analysis and Appro ",29.0,,,,,,,,6.0,,,,,,,,,,,,,4.0,,,,,,,,,,,,,,,,,,,,,4.0,,,,C,,,4.0,,,,,,,,,,,,,,,,,,,,,,,,,7.0,,,,,4.0,,,,,D,,,,,,,,,,,,,,,,,,,,,,
2028,S998c05e97ff9fa39,[B.Sc.] Business Administration,Sch204,International Baccalaureate (IB) Diploma,2024.0,May,"Business Management, Mathematics Applications, Theory Knowl.",34.0,,,,5.0,,,,,,,,,,,,,,,,,5.0,,,,B,7.0,,,,,,,,,,,,,,,,,,,,B,,,,,,,,,,,,,,,,5.0,,,,,,,,,,,,,,,,,,,,5.0,,,,,,,,,,,,,,,,,,,,,,,,5.0
2028,Sb06b1dda8594c9e2,[B.Sc.] Business Administration,Sch203,International Baccalaureate (IB) Diploma,2024.0,May,"Business Management HL, Mathematics Applications HL, Theory Knowl.",35.0,,,5.0,,,,,,,,,,,B,,,,,,,6.0,D,6.0,,,6.0,,,,,,,,,6.0,,,,,,,,,5.0,,,,,,,,,,,,,,,,,,,,,,,,,,,,,,,,,,,,,,,,,,,,,,,,,,,,,,,,,,,,,,
2028,Sf1760e011ab3bd45,[B.Sc.] Business Administration,Sch203,International Baccalaureate (IB) Diploma,2024.0,May,"English, French, Business Management",30.0,,D,,,5.0,,,,,,,,,A,,,,,,,,,,,,6.0,,,,,,,,,,,,,,,,,,,,,,,,,,,,,,,,,,,,4.0,,,,,,,,,5.0,,,,,,,,,,,3.0,,,,,,,,,,,,,,,,,,,,,,,,5.0
2028,S2a6877f9a219563b,[B.Sc.] Management Information Systems,Sch214,International Baccalaureate (IB) Diploma,2024.0,May,"Business Management, Mathematics Applications, Theory Knowl.",27.0,,,,5.0,,,,,,,,,,C,,,,,,,4.0,,,,,5.0,,,,,,,,,,,,,,,,,,,,,,,4.0,,,,,,,,,,,,,,,,,,,,,,,,,,,,,,,,,5.0,,D,,,,,,4.0,,,,,,,,,,,,,,,,
2028,S4e2ccb11ab337e4c,[B.Sc.] Business Administration,Sch214,International Baccalaureate (IB) Diploma,2024.0,May,"Business Management, Biology, Chemistry",34.0,,,,,,,,,,,,,,B,,,,,,,5.0,,,6.0,,5.0,,,,,,,,,,,,,,5.0,,,,,,,,,,,,,,,,,,,,,,,,,,,,,,,,,,,,,,,,6.0,,,,,,,,,,,,B,,,,,,,,,,,,,,
2028,Sd35519ba90d3a6d5,[B.Sc.] Business Administration,Sch203,International Baccalaureate (IB) Diploma,2024.0,May,"Business management, Physics, Economics",32.0,,,,5.0,,,,,,,,,,B,,,,,,,,,5.0,,C,,,,,,,,,,,,,,,,,5.0,,,,,,,,,,,,,,,,,,,,,,,,,,,,,5.0,,,6.0,,,,,4.0,,,,,,,,,,,,,,,,,,,,,,,,,,,
2028,Sbaf909c884ce206f,[Bsc] Mechatronics Engineering,Sch204,International Baccalaureate (IB) Diploma,2024.0,May,"Mathematics,  Chemistry, Physics",38.0,,,6.0,,,,,,,,,,,,,,,,,,,D,,,,,7.0,,,,,,,,,,,5.0,,6.0,,6.0,,,,,,,,,,,,,,,,,,,,,,,,,,,,,,,,,,,,,6.0,,,,,,,,,,,,,,,,,,,,,,,,,,,
2028,S28859ab6d617458b,[B.Sc.] Computer Engineering,Sch214,International Baccalaureate (IB) Diploma,2024.0,May,"Physics, Mathematics, Computer",32.0,,,6.0,,,,,,,,,,,B,,,,,,,4.0,D,6.0,,,,,,,,,,,,,,,,,,,,,,,,,,6.0,,,,,,,,,,,,,,,,,,,,,,,,,,,,3.0,,,,,,,,,,,,,,,,,,,,,,,,,,,,,
2028,S6bc470c46992a74a,[B.Sc.] Business Administration,Sch213,International Baccalaureate (IB) Diploma,2024.0,May,"Economics, Biology, Mathematics",29.0,,C,,,4.0,,,,,,,,,B,,,,,,,,,5.0,5.0,,,,,,,,,,,,,,4.0,,,,,,,,,,,,,,,,,,,,,,,,,,,,,,,,,,,,,,,,,,,,,,,,,,,,,,,,,,,,,,,,,,,,
2028,S3027bcb6ef6a6208,[B.Sc.] Computer Science,Sch203,International Baccalaureate (IB) Diploma,2024.0,May,"Geography, Computer Sc. , Mathematics",26.0,,,4.0,,,,,,,,,,,,,,,,,,,,,,,,,,,,,,,,3.0,,,,,,,,,,,B,,,5.0,,,,,,,,,,,,,,,,,,,,,,5.0,,4.0,,,,,,,,3.0,,,C,,,,,,,,,,,,,,,,,,,,,,
2028,Sb9f344eff42495c8,[B.Sc.] Mechanical Engineering,Sch209,"International Baccalaureate (IB) Diploma
High School Diploma",2024.0,May,"Physics, Mathematics, Economics",34.0,,,4.0,,,,,,,,,,,B,,,,,,,,,6.0,,,,,,,,,,,,,,,,,,B,6.0,,,,,,,,,,,,,,,,,,,,,,,,,,,,,,,,,,,,,4.0,,,,,,,,,,,,,,,,,,6.0,,,,6.0,,,,,
2028,S23c7e836c63b8e92,[B.Sc.] Mechanical Engineering,Sch204,"IGCSE 'A' Level
International Baccalaureate (IB) Diploma",2024.0,May,"Geography, Computer Sc. Physics, Mathematics",33.0,,,4.0,,,,,,,,,,,B,,,,,,,5.0,,,,,,,,,,,,,,,,,,,,,,,,,,,,5.0,,,,,,,,,,,,,,,,,,,,,,,,,,,,5.0,,,,6.0,,6.0,,,,,,,,,,B,,,,,,,,,,,,,
2028,Sf00ff530ee0cf2cb,[B.Sc.] Computer Science,Sch213,International Baccalaureate (IB) Diploma,2024.0,May,"Geography, Mathematics, Geography",35.0,,B,5.0,,,,,,,,,,,,,,,,,,,,,,,,,,,,,,,,,,,,,,,,,,,,,,,,,,,,,,,,,,,,,,,,,,,,,,,,,,,,,,,,,,,,,,,,,,,,,,,,,,,,,,,
2028,Sff08d3b927b3feff,[B.Sc.] Computer Science,Sch207,International Baccalaureate (IB) Diploma,2024.0,May,"Physics, French & Literature, English",30.0,,,,5.0,,,,,,,,,,,,,,,,,,,,,,,5.0,,,,,,,,,,,,,,,,,,,,,,,,,,,,,,,,,,,,,,,,,,,,,,,,,,3.0,,,,,,,,,,,,,,,,,,,,,5.0,,,,,,,,
2028,S3f635ab2a6f9fa18,[Bsc] Economics,Sch213,International Baccalaureate (IB) Diploma,2024.0,May,"Physics, Economics, Geography",33.0,,,5.0,,,,,,,,,,,,,,,,,,,,6.0,,,,,,,,,,,,,,,,,,,3.0,,,,B,,,,,,,,,,,,,,,,,,,,,,,,,,,6.0,,,,,,,6.0,,,,,,,,,,,,,,,,,,,5.0,,,,,,,
2028,Se3527a75bd86a4ef,[B.Sc.] Computer Science,Sch213,International Baccalaureate (IB) Diploma,2024.0,May,"Physics, Computer Sc, Physics",29.0,,,5.0,,,,,,,,,,,,,,,,,,,,,,,,,,,,,,,,,,,5.0,,,,3.0,,,,C,,,5.0,,,,,,,,,,,,,,,,,,,,,,,,5.0,,,,,,,5.0,,,,,,,,,,,,,,,,,,,,,,,,,,
2028,Seedf48d3b77628d9,[B.Sc.] Business Administration,Sch213,International Baccalaureate (IB) Diploma,2024.0,May,"Economics, Geography, Biology",32.0,,,5.0,,,,,,,,,,,,,,,,,,,C,5.0,5.0,,,,,,,,,,,,,,,,,,,,,,B,,,,,,,,,,,,,,,,,,,,,,,,,,,6.0,,,,,,,5.0,,,,,,,,,,,,,,,,,,,4.0,,,,,,,
2028,S0f621da206aa4d5c,[B.Sc.] Business Administration,Sch202,International Baccalaureate (IB) Diploma,2023.0,May,"English, Biology, Chemistry",36.0,,,,6.0,,,,,,,,,,,,,,,,,,,,6.0,,,,,,,,,,,,,,6.0,,4.0,,,,,,C,,,,,,,,,,,,,,,,,,,,,,,,,,,,,,,,,,,,6.0,,,,,,,,,,,,,,,,,,,,B,,,6.0,
2028,S134d58cc89e23f02,[LLB.] Law & Public Policy,Sch202,International Baccalaureate (IB) Diploma,2024.0,May,"English, Economics, Math Analysis",33.0,,,6.0,,,,,,5.0,,,,,,,,,,,,,,,,,,,,,,,,,,,,,,,,,,,,,,,,,,,,,,,,,,,,,5.0,,,,,,,,,,,,,,5.0,,,,5.0,,,,,,,,,,,,,,,,,,,,,,,,,,
2028,Sd66f32959ed5d91a,[B.Sc.] Business Administration,Sch210,International Baccalaureate (IB) Diploma,2024.0,May,"English, Global Politics, Business Management",40.0,,,,6.0,,,,,,,,,,B,,,,,,,,,,,A,7.0,,6.0,,,,,,,,,,6.0,,,,,,,,,,,,,,,,,,,,,,,,,,,,,,,,,,,,,,,,,,6.0,,,,,,,,,,,,,,,,,,,,,,,,,,
2028,S430e89ff0f153cd4,[LLB] Law with Public Policy,Sch213,International Baccalaureate (IB) Diploma,2024.0,May,"Hist. Africa & Mid. East, Chemistry, Biology",35.0,,,5.0,,,,,,,,,,,B,,,,,,,,,,6.0,,,,,,,,,,,,,,6.0,,4.0,,,,,,,,,,,,,,,,,,,,,,,,,,,,,,,,,,,,,,,,5.0,,,,,,,,,,,,,,,7.0,,,,,B,,,,,,
2028,S7cfc4eb3016cf6f0,[B.Sc.] Computer Science,Sch213,International Baccalaureate (IB) Diploma,2024.0,May,"Computer sc, Physics, Soc.Cul. Anth",32.0,,B,6.0,,,,,,,,,,,C,,,,,,,,,,,,,,,,,,,,,,,,5.0,,,,,,,,,,,5.0,,,,,,,,,,,,,,,,,,,,,,,,,,,,3.0,,,5.0,,,,,,,,,,,,,,,,,,,,,,,,6.0,,
2028,S9abae06f690f84d5,[B.Sc.] Business Administration,Sch213,International Baccalaureate (IB) Diploma,2024.0,May,"English, Economics, geography",30.0,,,,4.0,,,,,,,,,,,,,,,,,4.0,,5.0,4.0,,,,,,,,,,,,,,,,,,,,,,,,,,,,,,,,,,,,,,,,,,,,,,,,,6.0,,,,,,,,5.0,,,,,,,,,,,,,,,,,,,,,,,,,
2028,S8a09ce94ac5448b1,[LLB] Law with Public Policy,Sch213,International Baccalaureate (IB) Diploma,2024.0,MAY,"Hist. Africa and Middle East, Geography, English",29.0,,,,5.0,,,,,,,,,,,,,,,,,,,,,,,,,4.0,,,,,,,,,5.0,,,,,,,,C,,5.0,,,,,,,,,,,,,,,,,,,,,,,,,,,,,,,,,,4.0,,,,,,,,,,,,,5.0,,,,,C,,,,,,
2028,S97e3104679da6374,[LLB] Law with Public Policy,Sch213,International Baccalaureate (IB) Diploma,2024.0,May,"English, Soc. Cul. Anth, Biology",34.0,,,,5.0,,,,,,,,,,,,,,,,,5.0,,,5.0,,,,,,,,,,,,,,,,,,,,,,,,,,,,,,,,,,,,,,,,,,,,,,,,,,,,,,,,,6.0,,,,,,,,,,,,,,,,,,,,,,,6.0,,
2028,Scdf0fe6a11216eee,[B.Sc.] Business Administration,Sch214,International Baccalaureate (IB) Diploma,2024.0,May,"Bus Man, Economics, Math Apps.",33.0,,,,,,,6.0,,,,,,,,,,,,,,5.0,,5.0,,,6.0,,,,,,,,,,,,,,,,,,,,,,,,,,,,,,,,,,,,5.0,,,,,,,,,,,,,,,,,,,3.0,,,,,,,,,,,,,,,,,,,,,,,,,
2028,Sd7a9180041ed3703,[B.Sc.] Business Administration,Sch213,International Baccalaureate (IB) Course,2024.0,May,"Economics, Biology, Mathematics",24.0,,,,5.0,,,,,,,,,,,,,,,,,,C,4.0,4.0,,,,,,,,,,,,,,,,,,,,,,B,,,,,,,,,,,,,,,,,,,,,,,,,,,,,,,,,,4.0,,,,,,,,,,,,,,,,,,,5.0,,,,,,,
